{"cameraMode":{"drawMode":0,"name":"Shaded","section":"Shading Mode"},"sceneLighting":false,"audioPlay":false,"sceneViewState":{"m_AlwaysRefresh":false,"showFog":true,"showSkybox":false,"showFlares":true,"showImageEffects":true,"showParticleSystems":true,"showVisualEffectGraphs":true,"m_FxEnabled":true},"in2DMode":false,"pivot":{"x":0.3200346529483795,"y":0.09255385398864746,"z":-0.4886627495288849},"rotation":{"x":-0.1262405514717102,"y":0.24921050667762757,"z":-0.032801274210214618,"w":-0.9595832228660584},"size":0.2083103358745575,"orthographic":false}