{"cameraMode":{"drawMode":0,"name":"Shaded","section":"Shading Mode"},"sceneLighting":false,"audioPlay":false,"sceneViewState":{"m_AlwaysRefresh":false,"showFog":true,"showSkybox":false,"showFlares":true,"showImageEffects":true,"showParticleSystems":true,"showVisualEffectGraphs":true,"m_FxEnabled":true},"in2DMode":false,"pivot":{"x":0.229671910405159,"y":0.06902961432933808,"z":-0.5854394435882568},"rotation":{"x":0.10331162810325623,"y":-0.18359392881393434,"z":0.01936528831720352,"w":0.9773063063621521},"size":0.10704360157251358,"orthographic":false}