{"cameraMode":{"drawMode":0,"name":"Shaded","section":"Shading Mode"},"sceneLighting":false,"audioPlay":false,"sceneViewState":{"m_AlwaysRefresh":false,"showFog":true,"showSkybox":false,"showFlares":true,"showImageEffects":true,"showParticleSystems":true,"showVisualEffectGraphs":true,"m_FxEnabled":true},"in2DMode":false,"pivot":{"x":0.07912436872720719,"y":0.08501704037189484,"z":-1.9936374425888062},"rotation":{"x":0.08270108699798584,"y":-0.013147158548235894,"z":0.0010320713045075536,"w":0.996385395526886},"size":1.3580405712127686,"orthographic":false}