{"cameraMode":{"drawMode":0,"name":"Shaded","section":"Shading Mode"},"sceneLighting":false,"audioPlay":false,"sceneViewState":{"m_AlwaysRefresh":false,"showFog":true,"showSkybox":false,"showFlares":true,"showImageEffects":true,"showParticleSystems":true,"showVisualEffectGraphs":true,"m_FxEnabled":true},"in2DMode":false,"pivot":{"x":0.3351896405220032,"y":0.29164040088653567,"z":0.09202152490615845},"rotation":{"x":-0.2297840714454651,"y":0.7607771158218384,"z":-0.35519611835479739,"w":-0.49215272068977358},"size":0.5744563341140747,"orthographic":false}