{"cameraMode":{"drawMode":0,"name":"Shaded","section":"Shading Mode"},"sceneLighting":false,"audioPlay":false,"sceneViewState":{"m_AlwaysRefresh":false,"showFog":true,"showSkybox":false,"showFlares":true,"showImageEffects":true,"showParticleSystems":true,"showVisualEffectGraphs":true,"m_FxEnabled":true},"in2DMode":false,"pivot":{"x":-0.04242006689310074,"y":-0.6321839094161987,"z":-1.3238028287887574},"rotation":{"x":0.0005853649345226586,"y":-0.9736010432243347,"z":0.22776804864406587,"w":0.0020291877444833519},"size":1.5853854417800904,"orthographic":false}