{"cameraMode":{"drawMode":0,"name":"Shaded","section":"Shading Mode"},"sceneLighting":false,"audioPlay":false,"sceneViewState":{"m_AlwaysRefresh":false,"showFog":true,"showSkybox":false,"showFlares":true,"showImageEffects":true,"showParticleSystems":true,"showVisualEffectGraphs":true,"m_FxEnabled":true},"in2DMode":false,"pivot":{"x":-0.9621517062187195,"y":2.225324869155884,"z":-3.8152971267700197},"rotation":{"x":0.28599119186401369,"y":0.12914425134658814,"z":-0.0389564223587513,"w":0.9486414194107056},"size":0.33846181631088259,"orthographic":false}