{"cameraMode":{"drawMode":0,"name":"Shaded","section":"Shading Mode"},"sceneLighting":false,"audioPlay":false,"sceneViewState":{"m_AlwaysRefresh":false,"showFog":true,"showSkybox":false,"showFlares":true,"showImageEffects":true,"showParticleSystems":true,"showVisualEffectGraphs":true,"m_FxEnabled":true},"in2DMode":false,"pivot":{"x":0.14610669016838075,"y":0.37900859117507937,"z":-1.2921321392059327},"rotation":{"x":-0.10646164417266846,"y":0.05127686262130737,"z":-0.005500264000147581,"w":-0.9929550886154175},"size":2.147477149963379,"orthographic":false}