{"cameraMode":{"drawMode":0,"name":"Shaded","section":"Shading Mode"},"sceneLighting":false,"audioPlay":false,"sceneViewState":{"m_AlwaysRefresh":false,"showFog":true,"showSkybox":false,"showFlares":true,"showImageEffects":true,"showParticleSystems":true,"showVisualEffectGraphs":true,"m_FxEnabled":true},"in2DMode":false,"pivot":{"x":-0.013474978506565094,"y":-0.25038230419158938,"z":0.8046814799308777},"rotation":{"x":-0.13486163318157197,"y":0.021395327523350717,"z":-0.002914370270445943,"w":-0.990602970123291},"size":0.6132420897483826,"orthographic":false}